{
  "timestamp": "2025-08-28T23:01:30.363131",
  "git_sha": "839124e6",
  "train_metrics": {
    "roc_auc": 0.9656762823703542,
    "pr_auc": 0.9354216720310508,
    "accuracy": 0.9075520833333334
  },
  "val_metrics": {
    "roc_auc": 0.9307768569570566,
    "pr_auc": 0.8678390589182317,
    "accuracy": 0.8639583333333334
  }
}