{
  "timestamp": "2025-08-27T13:45:26.206998",
  "git_sha": "b3dc7a1",
  "train_metrics": {
    "roc_auc": 0.9652328005135046,
    "pr_auc": 0.9345394622100514,
    "accuracy": 0.90671875
  },
  "val_metrics": {
    "roc_auc": 0.9308900227314726,
    "pr_auc": 0.8694583505294018,
    "accuracy": 0.8654166666666666
  }
}